id;url
1;https://bina.azstatic.com/uploads/f460x345/2021%2F04%2F28%2F11%2F19%2F43%2Fc4a5bed5-8bda-42c3-8cc9-ba0269c2efac%2F57387_bfnjLQTNwoeBn5HMqFZ_Xg.jpg
2;https://bina.azstatic.com/uploads/f460x345/2021%2F05%2F26%2F12%2F28%2F16%2Fb70514e5-681e-4489-815e-6f864c106565%2F42733_wPtLjcbsJ7Lvmdi-TPa4gw.jpg
3;https://bina.azstatic.com/uploads/f460x345/2021%2F05%2F28%2F11%2F41%2F51%2F5d61c70f-0f56-433a-a03f-9335928a5977%2F93959_RRui6EaM0PoEATGzmMkriQ.jpg
4;https://bina.azstatic.com/uploads/f460x345/2021%2F05%2F20%2F12%2F41%2F09%2Fe7d09f79-8659-4f73-835d-3b8b357d7cee%2F3650_qVge2NX_ldSR0h8gyuav1g.jpg
5;https://bina.azstatic.com/uploads/f460x345/2020%2F12%2F09%2F17%2F48%2F18%2Fc9e5b3b1-c438-4a63-904a-43e23310317c%2F44113_2DHgLfX5fWIKI8XMj-bjlA.jpg
6;https://bina.azstatic.com/uploads/f460x345/2021%2F02%2F02%2F11%2F51%2F34%2F1946fba7-227e-4157-8abd-788beca6790b%2F94681_8ZsxKoutdkYNaLaiHGwdFw.jpg
7;https://bina.azstatic.com/uploads/f460x345/2020%2F11%2F05%2F17%2F37%2F05%2F26f11cb8-40ba-4677-b9ac-58b61a347be0%2F57898_VzyP0LawXdWAjR4wtLYzZQ.jpg
8;https://bina.azstatic.com/uploads/f460x345/2021%2F02%2F02%2F11%2F51%2F34%2F1946fba7-227e-4157-8abd-788beca6790b%2F94681_8ZsxKoutdkYNaLaiHGwdFw.jpg
9;https://bina.azstatic.com/uploads/f460x345/2021%2F06%2F06%2F14%2F04%2F25%2Fe3a49b20-0187-4f0b-bdb3-f428edb97824%2F19491_GQqt55ugaqMQyXc8uBgtZQ.jpg
10;https://bina.azstatic.com/uploads/f460x345/2021%2F06%2F06%2F14%2F02%2F18%2Fd42e60f1-419c-40d4-a200-11e1ff80cb16%2F19440_QDa5ZyMCYnegXjXn1eya2Q.jpg
11;https://bina.azstatic.com/uploads/f460x345/2021%2F06%2F06%2F14%2F02%2F19%2F1cd98dfa-eb92-40f8-9632-623d3d0cb5dd%2F89554_vWEXXEZKCVEc1oCCExrs-g.jpg
12;https://bina.azstatic.com/uploads/f460x345/2021%2F06%2F06%2F13%2F41%2F56%2F2684beb1-de66-4b12-abf8-c06ff7e2ebd8%2F6932_nUfjaxHygBFhAoydZ7nfHg.jpg
13;https://bina.azstatic.com/uploads/f460x345/2021%2F05%2F31%2F19%2F35%2F14%2Fb499c1a2-c84d-455b-88cd-125ecca262c8%2F38594_qxeLY6XKwRLoIfhanven8w.jpg
14;https://bina.azstatic.com/uploads/f460x345/2021%2F06%2F06%2F13%2F23%2F11%2Fb516cf55-6123-40cd-bdd4-359db5fc3cdf%2F23232_iHeFKJinrxLInvJHWCK9ng.jpg
15;https://bina.azstatic.com/uploads/f460x345/2021%2F06%2F06%2F10%2F36%2F10%2F3f17f470-e206-4b28-9e31-6834499bd2e5%2F20507_aL-PqjEBIFxmgwfW9kY0NA.jpg
16;https://bina.azstatic.com/uploads/f460x345/2021%2F06%2F06%2F10%2F09%2F53%2Faa2e657a-6491-4c97-88d0-b25739527ffc%2F40775_UWTYFZeAtb9OF1DAm32pQA.jpg
17;https://bina.azstatic.com/uploads/f460x345/2021%2F06%2F05%2F23%2F47%2F42%2F9adb68c6-333c-4c18-8d19-f304aa682f10%2F80433_r4xVT2oJWK9W1sjj-SRmug.jpg
18;https://bina.azstatic.com/uploads/f460x345/2021%2F05%2F05%2F22%2F14%2F11%2Fd8b380c7-d865-4d9f-b32a-c8b741be4fab%2F27179_TqB9SUiRofM3a_UOIHqV_A.jpg
19;https://bina.azstatic.com/uploads/f460x345/2021%2F06%2F05%2F15%2F21%2F08%2Fe0e432d5-4ae9-4de8-b5b0-ba8e43e62bc6%2F95497_p4nFmm678krQagByIDGN5A.jpg
20;https://bina.azstatic.com/uploads/f460x345/2021%2F06%2F05%2F14%2F33%2F43%2Fb71b41a5-bff4-4408-945f-79131ce291f7%2F38608_XaEq0vUgg6iA-N2d7IogBA.jpg
21;https://bina.azstatic.com/uploads/f460x345/2021%2F06%2F05%2F14%2F11%2F50%2Fb5c15e31-4841-4082-a8a5-cd1a5a9e43c5%2F32328_ZeNmtDjjDr8e0nOYo5kmKw.jpg
22;https://bina.azstatic.com/uploads/f460x345/2021%2F06%2F05%2F13%2F53%2F16%2F9befc458-adf6-4ef7-a56f-b1047eb07bed%2F6694_E8c2BLalx7dASvmNuIT-hw.jpg
23;https://bina.azstatic.com/uploads/f460x345/2021%2F05%2F20%2F12%2F20%2F06%2Fecfd3e19-7393-492b-8f9c-9138dca7b7ae%2F88391_uEbvPGspuP-QGtt38kiHGA.jpg
24;https://bina.azstatic.com/uploads/f460x345/2021%2F06%2F05%2F12%2F33%2F48%2F35ae849b-fdbc-4239-9cc3-15eb9269a721%2F59203_DlJpYPSffJGUvPWC3JcOpA.jpg
25;https://bina.azstatic.com/uploads/f460x345/2021%2F06%2F05%2F12%2F31%2F50%2Fd5e061b5-9d10-4438-b59c-b2d3ddfd594c%2F6694_KTVPlaPqP4KoMovXj7UbHQ.jpg
26;https://bina.azstatic.com/uploads/f460x345/2021%2F06%2F05%2F11%2F46%2F38%2F5572ea76-bdf4-4adb-b1ff-29c92519b457%2F36416_qraNKhg0Pm-wurGknmj9Jg.jpg
27;https://bina.azstatic.com/uploads/f460x345/2021%2F05%2F03%2F18%2F16%2F27%2F8a7ea630-f3b1-4459-991e-a467be96299f%2F53920_238cJdxBAaMbsewGRDnEiw.jpg
28;https://bina.azstatic.com/uploads/f460x345/2021%2F06%2F05%2F08%2F39%2F31%2Fecdab126-830b-43ce-aa0f-72f7ad55466f%2F91617_Ok6XYYN7BoAKUhKrOjCb-Q.jpg
29;https://bina.azstatic.com/uploads/f460x345/2021%2F06%2F05%2F08%2F17%2F49%2Ff5f43de2-dbad-4257-ab33-c72a5b8ddf45%2F56186_xzNC950v7deBdC8F9era0g.jpg
30;https://bina.azstatic.com/uploads/f460x345/2021%2F06%2F05%2F00%2F31%2F04%2Fc3ab11b0-b18b-4238-afab-fb76d1332cd6%2F61090_P_nenlCDt_Fxhjv3URWDLQ.jpg
31;https://bina.azstatic.com/uploads/f460x345/2021%2F05%2F23%2F10%2F58%2F24%2F89addffa-9f45-4e53-97b0-9ed10ff2508b%2F92047_vAo3h-9kDYZf7OkMms703w.jpg
32;https://bina.azstatic.com/uploads/f460x345/2021%2F06%2F04%2F21%2F08%2F16%2F70b5319c-e83c-4b71-a28f-ee54f4dac1f6%2F89884_ytGFtQSJFY4EqCabJZcE_g.jpg
